borough,test_rate_percapita
Bronx,0.000777498
Brooklyn,0.000893792
Manhattan,0.001084911
Queens,0.000759608
Staten,0.000960076